{"type": "io.oz.syn.AnRegistry",
 "config": {
   "synid": "X29",
   "domain": "zsu",
   "admin": "ody",
   "sysconn": "sys",
   "synconn": "docsyn",
   "debug": false,

  "org": {
    "meta": "io.oz.jserv.docs.meta.DocOrgMeta",
    "orgId": "ura",
    "orgName": "URA",
    "orgType": "nation",
    "market":  "test",
    "webroot": "$WEBROOT_HUB",
    "homepage": "",
    "album0":  "album-test"
  },

  "syncIns": 0,
	
  "peers": [
    {"synid": "X29", "org": "ura", "mac": "#URA.X", "nyq": 0, "domain": "zsu", "syn_uid": "X,X"},
    {"synid": "Y201", "org": "ura", "mac": "#URA.Y", "nyq": 0, "domain": "zsu", "syn_uid": "Y,Y"} ]
 },

 "synusers": [
   {"userId": "ody", "pswd": "8964", "iv": null, "org": "ura", "domain": "zsu"},
   {"userId": "zelenskyy", "pswd": "слава україні", "iv": null, "org": "ura", "domain": "zsu"} ]
}